date,n1,n2,n3,n4,n5,e1,e2
2011-05-10,28,3,45,10,15,7,5
2011-05-13,17,47,11,36,9,2,1
2011-05-17,37,20,21,45,46,3,2
2011-05-20,42,25,10,20,14,8,11
2011-05-24,16,23,24,29,26,2,9
2011-05-27,28,9,49,25,17,9,8
2011-05-31,22,9,10,50,1,11,5
2011-06-03,49,40,50,39,4,2,5
2011-06-07,25,38,40,6,36,10,4
2011-06-10,37,20,3,48,19,8,11
2011-06-14,41,19,48,5,12,8,10
2011-06-17,11,22,21,16,44,8,3
2011-06-21,49,50,20,17,35,4,3
2011-06-24,41,20,5,30,16,11,6
2011-06-28,16,15,44,30,50,3,2
2011-07-01,11,23,31,8,46,9,8
2011-07-05,28,47,29,11,49,5,1
2011-07-08,12,13,40,49,23,7,10
2011-07-12,19,17,42,45,38,9,10
2011-07-15,26,6,33,39,34,3,4
2011-07-19,16,3,25,35,26,5,9
2011-07-22,4,50,15,49,23,2,6
2011-07-26,5,1,25,48,22,11,3
2011-07-29,37,38,19,27,12,5,10
2011-08-02,8,33,14,24,5,8,3
2011-08-05,34,32,18,14,13,1,10
2011-08-09,36,24,34,7,23,11,8
2011-08-12,7,20,37,10,27,7,4
2011-08-16,45,18,1,13,17,8,3
2011-08-19,16,6,31,28,14,11,2
2011-08-23,42,50,6,14,4,2,4
2011-08-26,25,45,22,33,12,5,7
2011-08-30,46,8,2,10,19,5,9
2011-09-02,37,12,26,38,44,4,7
2011-09-06,42,35,50,48,47,9,8
2011-09-09,21,5,34,31,28,2,1
2011-09-13,28,32,49,9,30,9,10
2011-09-16,39,2,42,17,8,3,10
2011-09-20,25,38,19,9,36,11,7
2011-09-23,6,33,48,14,34,6,2
2011-09-27,28,18,40,27,35,3,5
2011-09-30,28,15,44,31,5,1,6
2011-10-04,14,16,23,45,38,8,11
2011-10-07,42,34,18,38,26,8,5
2011-10-11,12,16,4,1,48,9,10
2011-10-14,47,23,12,29,32,3,5
2011-10-18,46,18,37,48,23,2,10
2011-10-21,37,19,2,33,46,5,8
2011-10-25,39,28,22,12,27,4,10
2011-10-28,39,16,20,17,50,4,8
2011-11-01,20,45,23,14,46,1,11
2011-11-04,41,50,11,43,14,9,2
2011-11-08,40,15,4,29,1,1,5
2011-11-11,30,18,1,4,23,3,7
2011-11-15,47,17,22,6,45,3,11
2011-11-18,39,44,24,4,12,2,4
2011-11-22,16,40,38,24,18,2,4
2011-11-25,34,14,26,19,28,5,8
2011-11-29,25,50,11,45,41,7,2
2011-12-02,27,40,7,43,30,9,8
2011-12-06,34,21,20,38,19,9,3
2011-12-09,21,12,47,44,29,2,1
2011-12-13,12,37,18,33,7,1,11
2011-12-16,10,2,23,31,5,5,2
2011-12-20,14,48,1,9,12,7,1
2011-12-23,22,7,24,28,21,1,11
2011-12-27,26,21,25,19,44,7,3
2011-12-30,36,44,43,16,50,8,7
2012-01-03,42,30,45,3,49,5,10
2012-01-06,1,6,10,31,12,7,2
2012-01-10,9,4,30,10,40,9,2
2012-01-13,39,13,21,14,27,8,6
2012-01-17,12,44,22,30,31,5,6
2012-01-20,10,28,27,2,22,8,6
2012-01-24,1,20,6,2,36,11,8
2012-01-27,10,19,44,13,39,6,2
2012-01-31,43,34,38,9,45,4,2
2012-02-03,16,20,19,25,28,1,10
2012-02-07,15,3,17,33,28,2,4
2012-02-10,3,14,31,41,8,7,11
2012-02-14,36,14,42,46,27,11,8
2012-02-17,11,4,47,28,38,11,10
2012-02-21,11,24,14,25,29,11,7
2012-02-24,34,3,12,26,7,10,8
2012-02-28,10,48,1,17,33,2,3
2012-03-02,44,5,11,6,30,6,2
2012-03-06,23,47,27,37,24,6,2
2012-03-09,39,36,32,47,3,6,9
2012-03-13,47,1,25,10,43,8,9
2012-03-16,12,4,50,3,23,4,7
2012-03-20,28,30,15,16,46,3,4
2012-03-23,50,15,9,23,31,8,11
2012-03-27,29,36,27,34,24,7,8
2012-03-30,46,17,23,4,36,10,6
2012-04-03,1,8,18,25,30,10,9
2012-04-06,11,35,45,20,30,2,3
2012-04-10,37,27,22,25,36,9,5
2012-04-13,8,39,43,13,26,3,5
2012-04-17,10,28,49,48,33,10,1
2012-04-20,32,41,29,3,6,11,10
2012-04-24,8,24,48,43,9,3,5
2012-04-27,36,43,30,27,20,1,6
2012-05-01,4,15,41,5,19,11,9
2012-05-04,26,41,40,39,3,1,2
2012-05-08,3,34,48,38,21,5,8
2012-05-11,1,17,13,44,38,2,11
2012-05-15,13,2,50,11,26,5,2
2012-05-18,29,50,43,47,13,9,11
2012-05-22,31,32,41,16,37,7,1
2012-05-25,35,12,22,49,46,2,8
2012-05-29,28,17,25,15,8,3,11
2012-06-01,26,2,36,14,4,9,10
2012-06-05,13,49,37,47,34,8,9
2012-06-08,11,22,5,34,40,9,11
2012-06-12,30,26,48,15,8,9,10
2012-06-15,48,38,27,22,10,3,7
2012-06-19,17,20,50,7,35,5,11
2012-06-22,18,14,19,43,49,7,3
2012-06-26,11,22,35,20,1,10,8
2012-06-29,14,17,28,39,29,11,1
2012-07-03,22,7,2,40,27,6,3
2012-07-06,40,42,38,31,32,3,1
2012-07-10,37,1,24,16,3,8,1
2012-07-13,18,46,35,25,8,9,4
2012-07-17,24,2,43,7,46,10,8
2012-07-20,19,23,10,45,49,9,10
2012-07-24,18,25,4,16,44,11,1
2012-07-27,15,48,14,23,21,2,10
2012-07-31,35,39,4,36,29,9,8
2012-08-03,34,35,42,24,46,5,1
2012-08-07,20,50,34,46,27,3,2
2012-08-10,50,21,17,48,11,9,10
2012-08-14,45,16,42,1,38,9,10
2012-08-17,19,25,33,44,28,8,2
2012-08-21,17,5,38,4,48,4,3
2012-08-24,6,5,19,37,12,7,3
2012-08-28,1,26,25,44,18,5,4
2012-08-31,31,28,16,48,33,11,7
2012-09-04,18,39,17,44,11,10,5
2012-09-07,15,35,13,30,42,4,6
2012-09-11,15,6,37,22,44,2,4
2012-09-14,27,10,44,23,3,9,7
2012-09-18,38,7,39,44,6,7,9
2012-09-21,41,4,34,43,19,7,11
2012-09-25,48,25,27,49,7,1,4
2012-09-28,20,26,30,33,23,6,9
2012-10-02,16,42,21,36,4,8,7
2012-10-05,19,16,18,21,9,3,2
2012-10-09,23,8,10,25,2,8,9
2012-10-12,35,7,17,43,6,2,8
2012-10-16,41,10,40,49,32,2,8
2012-10-19,16,40,44,37,29,8,10
2012-10-23,1,35,38,50,28,2,10
2012-10-26,9,5,6,38,27,5,11
2012-10-30,23,44,25,24,31,2,3
2012-11-02,6,10,3,44,11,3,4
2012-11-06,35,25,20,41,7,1,9
2012-11-09,47,28,14,21,22,5,4
2012-11-13,29,11,21,24,16,6,2
2012-11-16,15,19,41,23,10,2,9
2012-11-20,42,28,45,30,49,10,5
2012-11-23,11,20,40,9,1,5,1
2012-11-27,49,44,6,10,23,7,1
2012-11-30,18,23,40,24,10,3,4
2012-12-04,29,5,28,44,10,2,4
2012-12-07,10,18,31,42,16,2,5
2012-12-11,50,4,9,1,43,6,8
2012-12-14,40,29,11,43,10,11,3
2012-12-18,35,14,44,18,20,5,2
2012-12-21,40,5,3,42,22,3,10
2012-12-25,14,20,32,23,18,3,10
2012-12-28,26,49,27,24,17,3,5
2013-01-01,36,49,2,7,8,11,1
2013-01-04,4,10,27,22,41,10,8
2013-01-08,22,26,47,2,20,9,5
2013-01-11,37,22,29,4,41,7,4
2013-01-15,47,42,22,40,38,11,1
2013-01-18,39,26,27,30,4,10,3
2013-01-22,45,10,48,1,44,4,1
2013-01-25,3,10,37,18,31,2,4
2013-01-29,9,16,36,26,39,6,2
2013-02-01,37,5,34,38,21,1,6
2013-02-05,25,6,45,40,31,6,7
2013-02-08,14,44,11,34,9,11,10
2013-02-12,28,25,5,11,16,7,9
2013-02-15,2,4,42,28,22,4,9
2013-02-19,28,30,44,12,15,9,8
2013-02-22,15,37,36,16,28,2,11
2013-02-26,12,13,17,3,30,6,2
2013-03-01,1,11,36,29,42,4,5
2013-03-05,33,31,19,8,39,7,2
2013-03-08,20,42,23,28,3,8,11
2013-03-12,50,4,10,2,22,5,8
2013-03-15,24,14,39,4,21,10,3
2013-03-19,44,32,19,37,35,9,1
2013-03-22,27,32,12,34,49,9,8
2013-03-26,44,30,26,42,4,6,11
2013-03-29,44,30,46,43,13,9,5
2013-04-02,17,12,41,29,25,1,4
2013-04-05,32,1,17,39,11,7,2
2013-04-09,15,44,48,38,35,10,5
2013-04-12,28,45,15,5,10,3,9
2013-04-16,33,50,22,1,11,4,6
2013-04-19,1,46,8,42,48,4,7
2013-04-23,50,4,1,7,10,4,11
2013-04-26,40,38,16,24,11,2,5
2013-04-30,13,50,40,43,36,9,5
2013-05-03,5,49,34,3,40,2,3
2013-05-07,43,27,13,28,42,4,6
2013-05-10,48,35,45,1,32,4,11
2013-05-14,24,7,8,36,27,11,5
2013-05-17,25,24,50,6,20,9,10
2013-05-21,29,19,8,28,7,9,5
2013-05-24,22,17,40,7,27,2,3
2013-05-28,34,38,13,8,26,3,11
2013-05-31,29,43,28,34,27,10,5
2013-06-04,34,33,40,31,37,6,1
2013-06-07,14,26,45,50,7,2,7
2013-06-11,7,9,25,5,41,5,1
2013-06-14,41,25,48,10,47,6,10
2013-06-18,24,33,17,41,44,11,1
2013-06-21,30,11,36,45,10,1,2
2013-06-25,4,13,35,27,5,2,1
2013-06-28,15,1,47,28,35,7,1
2013-07-02,14,13,11,28,30,4,5
2013-07-05,28,4,33,12,15,1,10
2013-07-09,18,16,38,49,31,10,4
2013-07-12,26,42,33,18,32,3,2
2013-07-16,50,34,47,19,23,4,6
2013-07-19,24,35,13,26,16,5,2
2013-07-23,19,14,44,16,15,4,5
2013-07-26,23,38,29,12,49,4,3
2013-07-30,3,14,4,11,43,1,6
2013-08-02,42,36,48,37,21,7,4
2013-08-06,17,47,16,49,31,3,11
2013-08-09,24,4,23,7,9,9,8
2013-08-13,5,20,47,17,50,1,4
2013-08-16,39,20,24,37,27,5,10
2013-08-20,42,11,50,49,5,8,11
2013-08-23,30,37,26,6,1,8,5
2013-08-27,7,40,38,43,30,6,2
2013-08-30,45,25,17,36,2,5,9
2013-09-03,5,18,16,42,9,7,9
2013-09-06,25,11,32,23,37,7,4
2013-09-10,7,28,30,14,11,2,10
2013-09-13,14,27,6,4,33,10,5
2013-09-17,44,17,21,42,13,11,9
2013-09-20,5,11,38,35,45,2,3
2013-09-24,43,20,10,28,26,9,11
2013-09-27,41,15,11,38,43,6,2
2013-10-01,19,44,48,25,23,9,8
2013-10-04,50,35,6,24,20,5,10
2013-10-08,23,24,33,42,26,5,3
2013-10-11,6,17,23,12,43,5,9
2013-10-15,39,18,27,43,47,7,4
2013-10-18,25,36,47,46,5,2,6
2013-10-22,39,33,29,44,41,9,11
2013-10-25,2,31,38,3,10,6,10
2013-10-29,32,9,10,30,37,6,2
2013-11-01,19,33,29,30,7,3,8
2013-11-05,35,38,12,13,6,2,3
2013-11-08,35,20,42,43,28,8,10
2013-11-12,29,48,40,37,14,11,2
2013-11-15,13,42,3,15,29,4,1
2013-11-19,45,14,19,36,15,1,10
2013-11-22,40,26,13,25,50,8,9
2013-11-26,44,27,23,42,19,5,3
2013-11-29,10,23,7,2,43,4,7
2013-12-03,32,6,29,15,13,2,9
2013-12-06,18,31,36,2,1,7,10
2013-12-10,49,50,24,6,35,7,1
2013-12-13,24,22,23,1,31,6,11
2013-12-17,41,6,8,37,27,7,10
2013-12-20,13,22,17,43,12,10,3
2013-12-24,5,31,43,50,19,6,2
2013-12-27,1,22,6,13,28,10,5
2013-12-31,29,45,24,20,13,7,3
2014-01-03,3,44,27,38,31,3,8
2014-01-07,2,45,20,27,33,6,10
2014-01-10,1,27,2,11,29,10,1
2014-01-14,25,18,20,26,37,11,10
2014-01-17,26,19,33,42,32,10,4
2014-01-21,4,42,35,48,12,5,8
2014-01-24,19,41,35,34,5,1,5
2014-01-28,18,23,48,20,42,2,9
2014-01-31,10,15,31,8,16,8,9
2014-02-04,37,1,33,21,38,8,4
2014-02-07,17,19,47,3,46,9,10
2014-02-11,47,25,8,17,41,1,2
2014-02-14,19,39,4,2,6,2,7
2014-02-18,36,37,26,23,49,6,7
2014-02-21,28,13,17,30,32,5,7
2014-02-25,42,21,25,28,35,6,4
2014-02-28,38,44,32,12,43,2,7
2014-03-04,3,22,5,27,44,6,1
2014-03-07,38,10,40,5,41,1,8
2014-03-11,1,4,44,33,23,8,7
2014-03-14,30,24,6,27,25,9,5
2014-03-18,27,36,34,8,39,5,10
2014-03-21,37,7,39,30,42,7,5
2014-03-25,28,50,26,7,20,8,2
2014-03-28,3,43,19,28,4,3,7
2014-04-01,44,38,18,16,26,10,8
2014-04-04,50,45,28,6,10,10,11
2014-04-08,42,11,29,18,49,11,4
2014-04-11,8,33,30,12,19,4,11
2014-04-15,14,50,47,26,3,7,11
2014-04-18,21,47,31,39,24,3,7
2014-04-22,20,46,15,24,13,8,1
2014-04-25,13,49,44,21,24,9,1
2014-04-29,35,26,18,23,44,3,11
2014-05-02,30,42,4,31,38,11,2
2014-05-06,37,5,19,31,24,9,1
2014-05-09,45,28,3,26,21,10,7
2014-05-13,47,34,13,30,4,6,2
2014-05-16,26,23,37,29,40,4,3
2014-05-20,38,5,36,33,47,4,9
2014-05-23,31,3,47,8,34,11,9
2014-05-27,16,13,26,25,7,1,6
2014-05-30,27,41,24,45,5,7,6
2014-06-03,2,39,32,15,44,5,10
2014-06-06,34,40,25,7,49,9,11
2014-06-10,12,18,21,33,32,1,11
2014-06-13,16,22,28,46,18,11,9
2014-06-17,48,13,37,40,11,8,9
2014-06-20,5,38,49,15,25,1,2
2014-06-24,20,1,7,21,48,4,7
2014-06-27,39,34,45,33,31,2,10
2014-07-01,39,25,18,22,27,5,10
2014-07-04,47,18,43,39,4,6,2
2014-07-08,24,18,22,8,27,11,4
2014-07-11,38,35,5,49,22,7,4
2014-07-15,18,27,15,34,20,1,3
2014-07-18,1,41,43,11,29,3,11
2014-07-22,1,43,50,45,24,5,8
2014-07-25,10,24,9,12,43,5,9
2014-07-29,40,23,35,10,43,9,3
2014-08-01,50,44,46,48,24,10,5
2014-08-05,5,21,42,7,19,11,5
2014-08-08,29,21,35,46,43,1,9
2014-08-12,22,19,7,16,33,5,2
2014-08-15,4,21,30,5,23,10,8
2014-08-19,11,34,47,4,7,7,8
2014-08-22,29,17,49,35,4,1,2
2014-08-26,36,48,45,10,22,11,4
2014-08-29,32,38,26,9,2,3,6
2014-09-02,39,45,25,31,5,8,1
2014-09-05,18,50,23,46,1,9,3
2014-09-09,15,35,19,8,24,10,8
2014-09-12,31,9,33,26,13,7,11
2014-09-16,4,30,35,50,29,4,2
2014-09-19,6,34,8,38,48,9,3
2014-09-23,13,35,14,29,12,1,7
2014-09-26,46,35,47,13,27,1,2
2014-09-30,33,13,15,3,42,5,7
2014-10-03,13,23,50,48,4,10,5
2014-10-07,38,30,21,9,28,8,1
2014-10-10,29,42,47,45,6,9,10
2014-10-14,15,23,32,4,5,7,3
2014-10-17,49,13,48,1,40,8,10
2014-10-21,40,33,27,20,21,3,10
2014-10-24,42,20,3,30,9,6,1
2014-10-28,45,17,40,10,15,1,2
2014-10-31,10,41,13,20,33,9,3
2014-11-04,1,13,6,26,17,3,5
2014-11-07,32,13,38,46,25,10,1
2014-11-11,46,14,36,2,21,11,7
2014-11-14,36,32,38,48,17,8,5
2014-11-18,3,2,36,38,17,11,4
2014-11-21,28,32,7,37,4,5,10
2014-11-25,32,7,36,3,25,1,6
2014-11-28,10,23,6,41,15,10,4
2014-12-02,15,25,3,49,44,9,1
2014-12-05,5,8,48,47,37,3,2
2014-12-09,31,1,3,42,46,11,4
2014-12-12,28,2,15,31,37,4,6
2014-12-16,13,7,3,25,12,5,8
2014-12-19,39,44,23,29,31,5,8
2014-12-23,49,25,9,19,8,10,2
2014-12-26,26,45,27,49,17,2,3
2014-12-30,6,18,39,50,44,11,8
2015-01-02,24,25,49,28,22,3,6
2015-01-06,20,38,30,14,49,4,3
2015-01-09,6,32,45,21,24,1,11
2015-01-13,34,31,21,8,17,10,9
2015-01-16,34,32,29,30,46,6,3
2015-01-20,33,47,15,41,44,10,8
2015-01-23,30,45,29,38,6,8,1
2015-01-27,10,33,5,31,40,10,8
2015-01-30,9,24,15,13,19,3,8
2015-02-03,50,44,17,31,33,11,7
2015-02-06,50,30,10,26,39,8,7
2015-02-10,30,45,20,13,17,9,10
2015-02-13,24,12,39,44,42,3,11
2015-02-17,5,2,18,43,30,10,1
2015-02-20,37,46,10,4,14,4,7
2015-02-24,3,28,25,34,50,1,11
2015-02-27,17,25,14,5,47,10,9
2015-03-03,6,21,13,8,11,8,7
2015-03-06,47,30,49,50,23,7,2
2015-03-10,31,30,2,6,23,10,2
2015-03-13,4,5,22,18,23,3,1
2015-03-17,11,23,44,38,26,8,1
2015-03-20,3,14,42,48,37,1,10
2015-03-24,40,10,39,24,26,3,10
2015-03-27,30,39,32,44,2,10,6
2015-03-31,8,28,20,24,49,8,9
2015-04-03,39,37,49,29,27,4,2
2015-04-07,39,25,50,44,18,8,5
2015-04-10,25,43,22,23,30,5,9
2015-04-14,49,34,32,24,35,2,1
2015-04-17,39,2,34,24,30,11,8
2015-04-21,14,42,17,6,45,8,1
2015-04-24,31,5,40,29,19,3,10
2015-04-28,36,24,28,26,45,10,7
2015-05-01,19,26,20,25,3,6,10
2015-05-05,1,17,10,42,20,9,8
2015-05-08,14,19,49,7,47,10,3
2015-05-12,29,30,14,46,40,3,6
2015-05-15,47,42,44,5,35,9,8
2015-05-19,35,37,31,26,30,11,8
2015-05-22,18,44,35,24,45,5,11
2015-05-26,6,24,7,21,5,6,5
2015-05-29,4,20,48,45,3,8,6
2015-06-02,23,7,41,29,37,1,8
2015-06-05,8,7,2,48,45,9,1
2015-06-09,5,34,17,9,32,8,6
2015-06-12,11,10,37,5,8,9,7
2015-06-16,15,10,36,16,37,3,9
2015-06-19,7,14,20,31,42,9,3
2015-06-23,16,38,4,22,49,6,9
2015-06-26,10,19,6,3,24,5,7
2015-06-30,11,28,15,34,37,1,8
2015-07-03,11,18,44,15,12,3,9
2015-07-07,7,41,33,18,6,10,3
2015-07-10,35,8,15,5,41,5,4
2015-07-14,34,18,36,19,6,1,8
2015-07-17,21,48,22,1,43,9,7
2015-07-21,14,29,44,27,20,10,7
2015-07-24,21,46,2,9,35,2,11
2015-07-28,36,23,49,43,32,8,7
2015-07-31,34,21,16,50,40,6,9
2015-08-04,50,15,39,10,45,10,9
2015-08-07,1,5,21,44,39,4,11
2015-08-11,2,16,3,15,8,4,11
2015-08-14,45,4,44,7,39,3,5
2015-08-18,7,10,19,12,11,2,9
2015-08-21,47,4,16,18,43,10,6
2015-08-25,31,33,50,27,42,5,2
2015-08-28,11,34,30,29,31,4,7
2015-09-01,6,27,45,19,21,8,1
2015-09-04,27,8,45,9,50,8,10
2015-09-08,42,14,40,39,16,1,4
2015-09-11,19,50,10,29,18,9,1
2015-09-15,44,8,15,17,49,5,8
2015-09-18,39,34,33,7,29,8,7
2015-09-22,27,14,23,29,26,7,10
2015-09-25,14,37,30,13,23,8,2
2015-09-29,14,49,26,11,29,3,9
2015-10-02,21,35,7,32,18,11,2
2015-10-06,22,32,29,11,20,1,8
2015-10-09,43,42,47,40,1,9,11
2015-10-13,26,15,12,47,29,11,3
2015-10-16,28,43,7,48,29,3,10
2015-10-20,21,19,30,45,17,8,10
2015-10-23,25,7,32,39,30,2,8
2015-10-27,11,20,25,36,12,9,6
2015-10-30,34,13,17,8,21,6,7
2015-11-03,39,27,49,8,46,2,6
2015-11-06,26,40,38,17,3,4,10
2015-11-10,43,39,13,6,18,2,8
2015-11-13,33,10,18,40,17,8,2
2015-11-17,6,37,23,38,7,11,10
2015-11-20,34,49,30,46,4,8,7
2015-11-24,26,14,17,9,16,10,11
2015-11-27,50,16,30,37,29,6,8
2015-12-01,35,15,45,25,2,10,8
2015-12-04,17,27,18,39,8,7,1
2015-12-08,48,29,12,38,17,9,11
2015-12-11,43,5,21,3,40,11,6
2015-12-15,11,27,35,8,23,4,11
2015-12-18,22,6,26,29,48,5,6
2015-12-22,19,41,18,40,20,7,10
2015-12-25,10,27,40,3,25,9,3
2015-12-29,5,36,32,31,20,6,7
2016-01-01,44,37,38,39,4,4,7
2016-01-05,36,10,6,39,31,6,10
2016-01-08,35,33,26,40,5,3,8
2016-01-12,2,10,30,44,1,1,8
2016-01-15,43,38,19,10,46,1,11
2016-01-19,2,30,38,43,46,7,2
2016-01-22,27,10,30,47,12,9,8
2016-01-26,15,40,24,48,38,2,9
2016-01-29,29,32,23,1,5,1,7
2016-02-02,36,21,10,6,9,6,2
2016-02-05,46,32,27,3,41,4,8
2016-02-09,9,6,13,28,37,4,5
2016-02-12,31,49,28,20,3,5,2
2016-02-16,3,22,50,10,37,6,10
2016-02-19,32,13,14,39,30,3,9
2016-02-23,42,32,23,25,37,11,1
2016-02-26,13,50,5,33,15,9,11
2016-03-01,37,7,28,13,4,11,10
2016-03-04,9,23,40,16,14,1,5
2016-03-08,9,14,23,8,1,7,1
2016-03-11,26,43,1,21,40,9,6
2016-03-15,7,10,5,44,34,10,2
2016-03-18,14,49,21,19,24,5,11
2016-03-22,15,49,12,26,42,5,8
2016-03-25,43,36,12,42,19,8,5
2016-03-29,4,25,19,36,1,3,11
2016-04-01,23,25,2,49,16,6,9
2016-04-05,3,19,40,9,5,5,2
2016-04-08,43,8,49,6,26,10,6
2016-04-12,9,1,5,22,38,10,2
2016-04-15,13,32,37,14,48,1,7
2016-04-19,27,14,44,15,11,7,2
2016-04-22,32,43,26,34,17,2,10
2016-04-26,10,42,17,32,31,2,5
2016-04-29,4,25,28,5,43,6,11
2016-05-03,23,34,8,24,38,3,7
2016-05-06,45,48,40,34,32,10,1
2016-05-10,40,2,26,27,49,10,5
2016-05-13,31,28,42,15,7,10,11
2016-05-17,32,27,39,36,15,3,10
2016-05-20,41,9,30,14,45,4,9
2016-05-24,37,17,34,16,23,9,6
2016-05-27,46,27,13,43,25,4,8
2016-05-31,6,30,26,48,12,6,7
2016-06-03,7,31,39,23,33,6,10
2016-06-07,26,49,19,45,35,2,5
2016-06-10,21,35,42,14,43,7,9
2016-06-14,13,50,42,39,34,11,9
2016-06-17,43,1,18,27,7,8,4
2016-06-21,32,35,17,49,5,5,1
2016-06-24,11,19,39,28,27,3,10
2016-06-28,43,37,32,26,49,5,4
2016-07-01,11,50,13,40,2,10,1
2016-07-05,38,29,10,48,1,4,3
2016-07-08,12,18,8,44,33,8,4
2016-07-12,26,3,41,33,7,2,10
2016-07-15,2,11,14,13,21,1,8
2016-07-19,24,37,19,28,36,6,3
2016-07-22,26,45,24,7,37,9,5
2016-07-26,13,49,10,45,3,11,2
2016-07-29,40,26,50,1,21,4,2
2016-08-02,27,46,38,2,8,2,6
2016-08-05,19,16,24,37,35,2,7
2016-08-09,19,43,44,12,45,10,5
2016-08-12,15,50,36,2,28,11,2
2016-08-16,34,37,46,26,2,4,8
2016-08-19,22,6,5,25,34,7,5
2016-08-23,2,31,45,37,23,8,4
2016-08-26,48,9,30,28,1,7,8
2016-08-30,29,42,13,16,35,6,8
2016-09-02,50,40,16,32,8,2,11
2016-09-06,45,12,34,24,30,7,10
2016-09-09,28,4,11,17,15,1,3
2016-09-13,44,16,4,7,35,3,1
2016-09-16,32,5,22,8,14,2,11
2016-09-20,45,41,4,1,10,9,6
2019-03-01,9,19,26,31,6,12,11
2019-03-05,16,10,46,39,6,8,11
2019-03-08,40,17,24,19,18,8,4
2019-03-12,5,13,7,19,31,9,2
2019-03-15,46,24,42,15,3,12,9
2019-03-19,9,6,1,47,34,12,7
2019-03-22,17,43,26,4,30,11,6
2019-03-26,47,43,19,23,12,2,6
2019-03-29,13,23,26,47,32,6,10
2019-04-02,9,26,16,2,36,6,7
2019-04-05,7,45,10,1,29,5,3
2019-04-09,38,41,18,29,21,1,11
2019-04-12,46,28,1,35,36,6,9
2019-04-16,1,49,15,8,44,2,11
2019-04-19,32,49,8,7,41,11,5
2019-04-23,23,44,18,27,42,7,2
2019-04-26,33,35,50,47,14,11,9
2019-04-30,20,26,12,48,5,2,11
2019-05-03,2,20,27,43,9,5,6
2019-05-07,32,20,47,7,26,2,11
2019-05-10,1,45,27,4,48,7,1
2019-05-14,14,25,50,10,17,2,10
2019-05-17,42,16,28,43,45,6,7
2019-05-21,47,32,34,33,39,12,8
2019-05-24,5,30,49,23,16,7,6
2019-05-28,28,7,29,19,20,1,5
2019-05-31,1,26,23,35,24,11,1
2019-06-04,31,32,9,39,41,8,2
2019-06-07,34,16,4,1,20,2,5
2019-06-11,27,46,42,25,39,11,12
2019-06-14,30,1,39,13,31,2,7
2019-06-18,44,40,12,37,24,3,7
2019-06-21,9,8,39,25,5,3,7
2019-06-25,27,34,6,26,46,1,9
2019-06-28,1,33,3,49,16,2,11
2019-07-02,19,44,11,29,45,12,8
2019-07-05,20,2,42,34,9,9,6
2019-07-09,32,7,41,36,29,7,6
2019-07-12,2,31,39,45,47,8,4
2019-07-16,5,13,18,39,3,8,7
2019-07-19,26,17,13,14,28,7,2
2019-07-23,38,19,23,1,14,7,3
2019-07-26,27,2,42,5,37,10,3
2019-07-30,15,27,23,40,20,3,6
2019-08-02,33,44,13,22,50,5,2
2019-08-06,38,12,29,36,13,4,12
2019-08-09,35,41,14,2,42,11,10
2019-08-13,31,13,33,29,40,2,3
2019-08-16,9,42,10,27,37,1,5
2019-08-20,23,24,22,20,37,1,4
2019-08-23,4,17,42,45,35,8,2
2019-08-27,26,8,35,47,43,9,1
2019-08-30,45,49,27,46,25,6,4
2019-09-03,44,11,38,7,39,10,7
2019-09-06,13,22,40,10,48,5,2
2019-09-10,3,30,49,25,22,3,6
2019-09-13,12,1,42,47,27,6,7
2019-09-17,22,45,43,44,37,1,12
2019-09-20,25,50,21,38,8,4,8
2019-09-24,2,48,33,47,42,1,2
2019-09-27,46,43,41,37,24,8,2
2019-10-01,40,18,11,2,46,4,1
2019-10-04,44,41,35,9,6,9,6
2019-10-08,44,15,49,10,7,3,12
2019-10-11,42,45,19,2,14,5,6
2019-10-15,3,34,31,32,28,4,5
2019-10-18,18,22,42,41,8,11,12
2019-10-22,2,5,33,47,32,7,8
2019-10-25,37,50,34,39,40,4,10
2019-10-29,49,42,28,16,18,10,5
2019-11-01,39,2,44,20,48,5,7
2019-11-05,25,14,33,9,48,12,2
2019-11-08,20,8,45,23,17,2,8
2019-11-12,1,25,21,39,23,2,4
2019-11-15,20,13,34,3,32,4,11
2019-11-19,10,15,42,30,8,4,6
2019-11-22,3,48,32,34,21,3,11
2019-11-26,34,3,15,2,19,5,8
2019-11-29,50,42,12,3,7,6,8
2019-12-03,32,31,38,18,48,12,4
2019-12-06,46,1,39,3,27,1,10
2019-12-10,19,47,21,2,10,8,2
2019-12-13,16,9,23,18,32,2,10
2019-12-17,7,1,12,25,49,9,6
2019-12-20,8,24,32,34,30,3,4
2019-12-24,47,14,11,13,3,3,6
2019-12-27,22,26,35,7,1,5,10
2019-12-31,41,31,48,33,26,4,2
2020-01-03,15,5,20,47,36,12,8
2020-01-07,8,37,12,5,43,11,6
2020-01-10,32,44,17,6,46,2,6
2020-01-14,25,39,21,44,29,9,8
2020-01-17,20,8,29,44,19,8,3
2020-01-21,36,10,24,11,46,3,5
2020-01-24,9,6,4,3,24,8,5
2020-01-28,31,27,1,19,38,5,4
2020-01-31,20,23,13,30,18,2,4
2020-02-04,35,21,33,23,47,6,7
2020-02-07,17,15,9,25,40,9,3
2020-02-11,43,26,24,32,46,6,10
2020-02-14,5,35,20,41,49,10,6
2020-02-18,34,32,11,38,47,10,2
2020-02-21,32,23,30,45,7,5,9
2020-02-25,4,42,18,27,1,6,4
2020-02-28,8,11,23,20,22,4,3
2020-03-03,27,44,4,14,45,10,1
2020-03-06,15,43,38,45,46,11,1
2020-03-10,23,43,30,11,37,5,12
2020-03-13,21,3,11,36,27,10,9
2020-03-17,5,7,16,8,20,12,2
2020-03-20,40,9,20,34,3,6,12
2020-03-24,33,12,7,26,30,11,10
2020-03-27,14,41,27,46,11,3,2
2020-03-31,30,12,17,24,36,9,1
2020-04-03,50,16,34,19,46,2,6
2020-04-07,33,14,4,48,5,7,12
2020-04-10,33,17,3,39,10,1,4
2020-04-14,40,34,29,6,35,11,4
2020-04-17,37,32,45,28,16,1,11
2020-04-21,11,10,23,14,28,6,8
2020-04-24,28,5,1,21,19,7,4
2020-04-28,32,28,26,15,23,1,5
2020-05-01,47,20,19,45,38,2,6
2020-05-05,2,27,22,10,41,3,2
2020-05-08,33,38,8,25,32,9,7
2020-05-12,16,9,29,39,37,4,11
2020-05-15,34,23,32,39,11,1,6
2020-05-19,43,32,37,25,5,6,7
2020-05-22,18,22,32,3,27,2,7
2020-05-26,9,4,27,14,21,4,6
2020-05-29,4,11,8,46,19,4,8
2020-06-02,49,22,12,26,10,11,7
2020-06-05,24,11,37,17,5,6,3
2020-06-09,46,36,27,5,15,8,2
2020-06-12,24,39,46,2,45,4,8
2020-06-16,39,9,11,4,17,2,10
2020-06-19,14,5,24,43,19,3,11
2020-06-23,19,46,49,12,2,8,1
2020-06-26,12,26,21,1,10,5,11
2020-06-30,11,42,1,28,6,2,10
2020-07-03,27,4,16,39,37,3,6
2020-07-07,41,33,23,12,16,8,10
2020-07-10,30,38,15,17,23,2,7
2020-07-14,30,22,37,11,47,9,10
2020-07-17,7,27,41,15,43,7,9
2020-07-21,29,15,42,14,24,2,4
2020-07-24,8,28,50,27,9,12,4
2020-07-28,34,17,13,9,15,7,2
2020-07-31,30,46,24,21,49,2,5
2020-08-04,42,2,5,1,15,8,5
2020-08-07,36,20,5,41,21,11,6
2020-08-11,14,13,50,8,42,3,9
2020-08-14,49,10,42,9,19,4,12
2020-08-18,12,34,42,17,6,12,5
2020-08-21,10,35,50,15,44,5,3
2020-08-25,18,37,39,30,7,10,8
2020-08-28,31,16,17,7,12,9,7
2020-09-01,46,8,4,33,10,8,11
2020-09-04,6,29,43,40,22,7,4
2020-09-08,9,35,2,41,31,12,9
2020-09-11,34,38,45,43,42,12,9
2020-09-15,38,25,30,16,20,8,6
2020-09-18,25,45,19,2,10,1,7
2020-09-22,28,39,25,40,16,1,6
2020-09-25,34,45,19,23,37,1,7
2020-09-29,16,14,4,44,41,11,12
2020-10-02,15,45,12,6,40,9,3
2020-10-06,41,36,4,21,47,11,9
2020-10-09,15,11,35,50,41,8,5
2020-10-13,5,41,46,38,14,10,1
2020-10-16,15,40,38,33,50,6,3
2020-10-20,15,5,42,37,6,4,3
2020-10-23,19,23,10,21,15,3,12
2020-10-27,13,15,28,44,32,12,3
2020-10-30,21,16,20,12,28,9,3
2020-11-03,5,7,18,20,30,7,6
2020-11-06,12,37,7,50,40,1,2
2020-11-10,19,3,38,32,29,12,5
2020-11-13,31,17,1,28,5,1,10
2020-11-17,30,25,44,19,16,6,2
2020-11-20,28,50,48,39,29,5,7
2020-11-24,50,33,38,42,25,12,8
2020-11-27,8,14,16,5,2,9,8
2020-12-01,29,49,20,14,47,12,4
2020-12-04,14,38,20,27,34,1,11
2020-12-08,1,46,21,4,24,2,12
2020-12-11,41,13,24,9,6,3,12
2020-12-15,21,9,35,13,29,2,1
2020-12-18,2,21,17,3,13,7,8
2020-12-22,42,10,50,2,16,11,4
2020-12-25,16,21,27,30,32,3,5
2020-12-29,7,40,39,45,32,8,3
2021-01-01,32,16,48,44,28,1,9
2021-01-05,37,42,12,34,38,3,1
2021-01-08,42,23,37,41,18,4,6
2021-01-12,10,34,2,35,18,6,9
2021-01-15,27,10,4,40,38,11,3
2021-01-19,25,35,31,27,43,5,6
2021-01-22,16,47,42,8,44,7,6
2021-01-26,7,37,25,40,5,2,8
2021-01-29,27,36,5,42,1,6,1
2021-02-02,38,18,48,20,35,9,12
2021-02-05,45,12,37,19,44,6,2
2021-02-09,24,5,31,10,37,9,10
2021-02-12,32,7,36,30,23,12,8
2021-02-16,30,25,29,9,5,6,7
2021-02-19,25,48,4,46,12,12,7
2021-02-23,30,9,39,18,45,3,1
2021-02-26,6,12,22,29,33,11,6
2021-03-02,24,49,19,26,2,6,7
2021-03-05,4,46,5,39,48,7,10
2021-03-09,16,21,33,32,1,11,12
2021-03-12,11,4,6,44,9,10,11
2021-03-16,32,25,23,47,35,2,6
2021-03-19,35,44,43,9,3,10,1
2021-03-23,2,26,29,36,49,3,9
2021-03-26,49,12,50,10,37,8,3
2021-03-30,42,24,29,28,27,8,4
2021-04-02,21,47,4,40,34,2,5
2021-04-06,50,21,37,38,2,8,7
2021-04-09,44,8,35,32,2,8,11
2021-04-13,47,16,31,50,20,8,2
2021-04-16,29,11,40,48,6,9,5
2021-04-20,28,46,17,5,41,11,10
2021-04-23,29,19,15,3,14,2,8
2021-04-27,13,49,14,24,35,1,10
2021-04-30,1,28,24,46,16,11,2
2021-05-04,46,13,10,28,3,11,4
2021-05-07,33,38,47,22,14,9,8
2021-05-11,14,46,43,34,25,6,5
2021-05-14,6,38,29,16,18,6,11
2021-05-18,13,39,40,38,5,4,12
2021-05-21,9,13,35,2,15,10,3
2021-05-25,38,21,26,1,30,8,2
2021-05-28,16,40,13,11,34,1,12
2021-06-01,35,10,44,3,26,7,6
2021-06-04,40,20,36,46,7,2,4
2021-06-08,47,26,2,36,11,9,7
2021-06-11,17,33,9,21,39,7,11
2021-06-15,30,31,11,26,21,2,3
2021-06-18,27,20,41,11,30,3,5
2021-06-22,27,24,26,6,41,8,3
2021-06-25,33,29,36,1,30,12,3
2021-06-29,6,12,24,20,48,6,5
2021-07-02,49,29,38,9,14,7,10
2021-07-06,2,42,5,27,21,9,11
2021-07-09,37,19,6,36,49,11,4
2021-07-13,22,11,6,8,5,3,4
2021-07-16,47,5,16,42,49,3,11
2021-07-20,19,48,3,41,12,6,9
2021-07-23,34,50,26,23,24,4,2
2021-07-27,19,21,25,5,9,12,10
2021-07-30,23,10,35,33,37,5,10
2021-08-03,46,23,45,21,17,7,11
2021-08-06,32,21,7,26,14,12,4
2021-08-10,47,9,48,49,37,2,7
2021-08-13,49,44,47,12,6,8,12
2021-08-17,47,12,41,42,31,6,4
2021-08-20,3,19,9,20,23,11,9
2021-08-24,21,36,44,19,50,3,10
2021-08-27,31,46,3,50,2,12,8
2021-08-31,17,5,32,13,43,2,10
2021-09-03,5,13,29,35,7,3,7
2021-09-07,42,7,19,35,43,7,9
2021-09-10,6,7,28,18,1,2,8
2021-09-14,12,38,45,18,35,2,8
2021-09-17,10,7,5,8,34,9,1
2021-09-21,20,25,26,30,38,8,2
2021-09-24,27,12,20,2,41,10,12
2021-09-28,12,7,6,33,39,7,1
2021-10-01,1,19,15,48,26,6,12
2021-10-05,45,14,36,13,11,7,9
2021-10-08,10,42,23,46,1,3,5
2021-10-12,13,45,22,6,49,10,11
2021-10-15,49,21,26,34,31,5,2
2021-10-19,40,4,36,41,20,1,6
2021-10-22,33,12,17,39,22,2,12
2021-10-26,12,44,42,15,20,2,1
2021-10-29,28,10,32,15,49,9,3
2021-11-02,29,43,2,3,17,4,1
2021-11-05,41,25,2,12,30,11,8
2021-11-09,33,25,36,26,17,8,1
2021-11-12,50,15,9,47,2,9,6
2021-11-16,9,32,36,19,21,4,3
2021-11-19,50,26,47,22,38,6,2
2021-11-23,21,17,42,36,46,10,7
2021-11-26,50,20,41,42,1,3,7
2021-11-30,43,19,33,26,20,4,1
2021-12-03,46,21,32,22,29,9,10
2021-12-07,22,31,46,47,38,7,11
2021-12-10,11,21,42,38,33,8,2
2021-12-14,37,19,47,21,48,3,6
2021-12-17,30,1,35,2,15,2,7
2021-12-21,34,38,17,12,21,2,3
2021-12-24,41,2,34,26,28,10,5
2021-12-28,4,29,15,17,6,9,12
2021-12-31,25,7,43,22,49,7,6
2022-01-04,28,41,18,35,36,6,11
2022-01-07,14,2,50,37,44,7,11
2022-01-11,33,23,44,32,4,12,9
2022-01-14,25,6,46,17,31,12,9
2022-01-18,12,30,24,3,19,5,2
2022-01-21,5,35,39,14,36,12,7
2022-01-25,16,6,47,18,39,2,4
2022-01-28,34,10,25,29,45,10,9
2022-02-01,49,36,1,19,38,9,6
2022-02-04,49,38,3,25,43,7,3
2022-02-08,43,34,20,6,37,7,10
2022-02-11,45,13,42,18,38,7,11
2022-02-15,33,20,31,9,44,12,2
2022-02-18,25,41,50,43,38,6,10
2022-02-22,26,32,14,5,9,7,3
2022-02-25,24,10,30,42,13,1,5
2022-03-01,26,24,42,39,8,5,3
2022-03-04,40,20,43,6,42,10,12
2022-03-08,18,12,31,25,21,9,2
2022-03-11,23,22,12,19,48,6,2
2022-03-15,2,26,19,12,1,8,2
2022-03-18,43,1,9,14,17,12,6
2022-03-22,7,29,17,40,21,8,11
2022-03-25,10,29,24,6,27,12,5
2022-03-29,43,33,11,8,42,11,6
2022-04-01,21,45,31,2,7,10,4
2022-04-05,13,1,24,11,49,5,6
2022-04-08,16,38,1,45,15,4,11
2022-04-12,30,47,35,31,21,10,2
2022-04-15,32,48,6,24,30,6,5
2022-04-19,28,46,2,17,12,10,6
2022-04-22,11,6,35,36,21,9,1
2022-04-26,25,4,28,34,45,11,8
2022-04-29,37,36,10,20,11,7,3
2022-05-03,26,48,47,8,20,8,3
2022-05-06,3,24,8,18,40,11,3
2022-05-10,28,3,29,25,27,4,9
2022-05-13,11,45,17,48,3,8,4
2022-05-17,49,28,30,5,48,5,11
2022-05-20,32,23,8,22,50,3,9
2022-05-24,27,13,10,36,37,10,2
2022-05-27,15,34,28,48,23,3,5
2022-05-31,42,13,10,49,3,3,9
2022-06-03,29,12,48,28,34,9,11
2022-06-07,17,6,31,25,16,2,6
2022-06-10,37,26,40,17,36,9,12
2022-06-14,7,40,2,27,34,3,11
2022-06-17,21,22,38,19,31,7,11
2022-06-21,23,36,39,6,47,10,8
2022-06-24,50,44,17,10,28,12,8
2022-06-28,35,10,47,42,48,11,2
2022-07-01,46,6,34,24,18,12,3
2022-07-05,7,25,48,45,10,3,6
2022-07-08,28,46,43,35,31,7,4
2022-07-12,50,18,25,24,14,11,6
2022-07-15,38,17,29,9,39,10,7
2022-07-19,41,6,27,40,23,2,12
2022-07-22,32,29,50,18,16,11,4
2022-07-26,3,5,17,27,25,9,1
2022-07-29,38,48,43,23,3,8,3
2022-08-02,28,48,18,40,7,11,8
2022-08-05,29,3,44,33,35,10,8
2022-08-09,47,18,21,19,27,11,5
2022-08-12,14,42,35,17,34,10,6
2022-08-16,10,25,14,39,32,7,8
2022-08-19,9,2,19,38,13,2,6
2022-08-23,48,39,26,19,31,2,3
2022-08-26,22,23,44,25,38,12,11
2022-08-30,6,10,4,15,19,1,4
2022-09-02,7,45,12,20,13,3,12
2022-09-06,10,44,7,29,22,4,5
2022-09-09,26,17,23,24,27,4,9
2022-09-13,40,9,12,15,47,1,11
2022-09-16,49,10,45,36,27,3,4
2022-09-20,21,11,32,48,23,12,3
2022-09-23,22,35,48,15,14,8,3
2022-09-27,34,4,44,20,21,3,1
2022-09-30,2,16,11,1,26,3,12
2022-10-04,3,28,18,43,42,12,3
2022-10-07,50,27,45,26,42,12,1
2022-10-11,40,35,8,32,23,8,1
2022-10-14,28,48,29,24,34,7,3
2022-10-18,42,3,5,48,13,6,1
2022-10-21,26,28,38,25,40,1,6
2022-10-25,24,7,46,34,39,6,1
2022-10-28,28,35,21,16,14,11,1
2022-11-01,42,48,19,37,47,6,1
2022-11-04,11,2,37,47,45,2,3
2022-11-08,50,32,33,5,3,1,8
2022-11-11,25,2,19,44,24,2,10
2022-11-15,31,21,13,24,33,1,12
2022-11-18,41,13,35,19,16,11,1
2022-11-22,24,29,42,21,22,3,11
2022-11-25,21,19,39,35,37,2,6
2022-11-29,20,38,35,15,24,12,8
2022-12-02,39,12,35,21,45,11,6
2022-12-06,20,25,27,26,12,8,12
2022-12-09,8,46,31,27,50,3,1
2022-12-13,30,3,12,26,9,10,11
2022-12-16,2,15,44,35,19,7,2
2022-12-20,1,20,11,17,27,4,5
2022-12-23,16,17,26,23,35,5,11
2022-12-27,33,31,19,34,43,5,3
2022-12-30,48,42,17,34,47,1,9
2023-01-03,20,29,21,46,45,10,3
2023-01-06,44,16,35,45,31,12,4
2023-01-10,42,11,34,13,40,10,3
2023-01-13,13,4,33,25,37,10,5
2023-01-17,18,46,30,50,21,2,6
2023-01-20,40,6,13,42,3,7,11
2023-01-24,11,27,47,41,43,7,11
2023-01-27,15,19,31,8,9,12,10
2023-01-31,7,12,33,43,19,3,7
2023-02-03,14,32,45,2,17,10,3
2023-02-07,8,47,34,44,2,9,3
2023-02-10,3,13,36,25,47,3,8
2023-02-14,43,24,46,26,38,2,3
2023-02-17,42,27,45,23,8,1,9
2023-02-21,49,41,22,34,21,2,7
2023-02-24,42,34,7,23,48,1,3
2023-02-28,29,33,12,37,47,10,5
2023-03-03,24,3,8,50,6,10,11
2023-03-07,50,24,35,13,11,6,11
2023-03-10,9,16,48,37,38,7,2
2023-03-14,26,46,28,31,16,12,11
2023-03-17,37,5,26,15,49,8,11
2023-03-21,29,1,9,32,20,3,2
2023-03-24,36,25,5,46,12,10,6
2023-03-28,21,16,34,36,44,9,10
2023-03-31,28,34,47,16,18,10,5
2023-04-04,50,33,16,31,10,3,8
2023-04-07,26,28,46,5,36,12,6
2023-04-11,19,16,14,29,10,2,10
2023-04-14,44,4,37,49,11,7,6
2023-04-18,37,21,17,35,23,11,10
2023-04-21,18,8,7,42,33,8,2
2023-04-25,29,45,40,10,30,12,1
2023-04-28,34,23,11,13,16,1,10
2023-05-02,48,44,32,7,47,8,7
2023-05-05,34,8,49,18,3,3,7
2023-05-09,21,28,13,17,46,9,7
2023-05-12,9,44,13,39,10,6,4
2023-05-16,14,6,9,4,37,4,11
2023-05-19,41,27,34,49,18,3,9
2023-05-23,34,5,14,6,23,11,2
2023-05-26,38,25,15,37,41,1,7
2023-05-30,27,47,33,29,32,8,2
2023-06-02,25,3,15,43,12,10,11
2023-06-06,21,13,39,32,50,10,2
2023-06-09,18,26,36,50,41,11,12
2023-06-13,15,16,21,50,41,5,6
2023-06-16,34,7,41,26,44,9,11
2023-06-20,35,28,11,32,17,6,5
2023-06-23,11,3,33,46,1,10,11
2023-06-27,27,22,44,17,23,7,1
2023-06-30,29,25,6,36,1,10,7
2023-07-04,23,36,44,17,14,8,2
2023-07-07,2,12,19,11,38,8,4
2023-07-11,48,28,2,11,42,4,9
2023-07-14,5,29,48,8,35,5,6
2023-07-18,34,35,12,4,45,9,1
2023-07-21,7,35,33,36,31,10,7
2023-07-25,11,7,27,5,37,12,6
2023-07-28,38,7,34,32,33,9,6
2023-08-01,35,27,25,45,40,7,11
2023-08-04,15,31,48,20,44,1,3
2023-08-08,40,8,33,9,35,6,3
2023-08-11,10,13,34,4,6,3,5
2023-08-15,3,32,5,43,9,6,10
2023-08-18,47,25,23,30,44,9,12
2023-08-22,23,9,40,2,32,6,7
2023-08-25,44,35,16,34,17,5,10
2023-08-29,21,40,23,32,49,11,8
2023-09-01,35,43,37,5,4,5,6
2023-09-05,41,48,7,1,24,10,12
2023-09-08,33,20,10,21,26,4,3
2023-09-12,14,5,42,36,40,11,2
2023-09-15,21,45,12,48,14,8,11
2023-09-19,10,31,41,15,42,2,5
2023-09-22,3,23,35,34,24,8,5
2023-09-26,14,6,23,2,19,5,7
2023-09-29,32,9,11,21,13,7,2
2023-10-03,45,6,22,24,20,5,4
2023-10-06,31,43,21,29,34,2,9
2023-10-10,18,33,20,22,43,3,9
2023-10-13,41,26,21,40,28,4,2
2023-10-17,40,20,10,35,17,4,3
2023-10-20,20,40,28,2,45,5,1
2023-10-24,18,16,8,31,34,6,9
2023-10-27,29,48,33,49,35,8,3
2023-10-31,20,40,5,50,7,10,2
2023-11-03,31,47,21,39,8,9,5
2023-11-07,8,10,11,39,30,10,4
2023-11-10,30,42,10,21,38,12,2
2023-11-14,13,50,36,16,44,3,5
2023-11-17,26,50,24,2,46,2,7
2023-11-21,46,47,29,34,19,2,3
2023-11-24,48,15,29,20,39,7,1
2023-11-28,27,44,12,33,16,7,8
2023-12-01,38,10,4,14,50,9,12
2023-12-05,6,20,4,24,25,5,9
2023-12-08,48,30,50,42,17,4,8
2023-12-12,43,39,28,37,6,9,12
2023-12-15,2,13,37,38,48,9,5
2023-12-19,20,43,41,45,10,12,2
2023-12-22,14,49,34,44,6,12,4
2023-12-26,47,27,8,30,35,9,10
2023-12-29,2,36,19,37,3,9,6
2024-01-02,7,18,49,46,15,12,10
2024-01-05,18,4,39,7,50,8,3
2024-01-09,12,9,2,39,40,3,1
2024-01-12,18,16,17,49,45,9,12
2024-01-16,18,21,33,45,10,12,8
2024-01-19,50,27,28,48,44,7,12
2024-01-23,48,23,14,50,39,12,3
2024-01-26,32,19,41,8,42,12,9
2024-01-30,10,27,5,30,19,6,5
2024-02-02,13,42,27,23,20,9,5
2024-02-06,45,7,2,28,21,11,5
2024-02-09,37,35,45,24,23,12,9
2024-02-13,13,18,46,17,20,9,4
2024-02-16,26,14,13,24,8,1,2
2024-02-20,42,31,37,48,23,7,3
2024-02-23,27,49,30,24,28,1,12
2024-02-27,20,3,4,9,12,5,6
2024-03-01,34,20,4,19,7,2,4
2024-03-05,23,36,2,17,15,8,3
2024-03-08,12,11,8,44,16,4,7
2024-03-12,30,38,19,13,46,4,12
2024-03-15,31,40,34,4,1,4,5
2024-03-19,32,18,7,20,16,1,3
2024-03-22,32,8,44,11,23,9,10
2024-03-26,14,26,29,13,2,5,6
2024-03-29,49,35,36,17,16,10,1
2024-04-02,36,1,48,23,31,8,5
2024-04-05,26,37,35,18,13,11,8
2024-04-09,27,46,19,23,26,2,10
2024-04-12,45,16,12,2,3,11,2
2024-04-16,39,31,46,29,22,3,7
2024-04-19,10,20,46,40,44,1,3
2024-04-23,9,49,11,6,32,2,10
2024-04-26,47,2,39,20,40,8,4
2024-04-30,24,47,13,22,33,5,1
2024-05-03,6,49,9,30,10,4,3
2024-05-07,45,35,42,36,41,11,6
2024-05-10,29,44,13,48,28,12,4
2024-05-14,35,2,8,28,17,7,9
2024-05-17,31,41,46,32,18,10,1
2024-05-21,13,11,48,14,34,9,7
2024-05-24,12,9,22,18,50,1,3
2024-05-28,18,16,35,41,36,6,7
2024-05-31,16,33,4,34,7,8,7
2024-06-04,43,7,6,9,14,4,3
2024-06-07,30,26,15,37,16,8,5
2024-06-11,48,15,7,34,45,7,9
2024-06-14,13,2,16,24,32,7,1
2024-06-18,34,11,36,33,3,12,1
2024-06-21,4,3,11,7,17,12,3
2024-06-25,14,16,49,45,37,5,7
2024-06-28,10,18,35,16,22,10,1
2024-07-02,46,7,2,34,35,6,8
2024-07-05,29,47,31,13,11,11,1
2024-07-09,28,15,19,39,6,7,11
2024-07-12,12,39,24,25,18,10,8
2024-07-16,39,35,2,36,32,7,8
2024-07-19,44,22,35,48,15,6,7
2024-07-23,8,10,16,34,4,8,4
